<?xml version="1.0" encoding="UTF-8"?>
<project-private xmlns="http://www.netbeans.org/ns/project-private/1">
    <editor-bookmarks xmlns="http://www.netbeans.org/ns/editor-bookmarks/1"/>
    <editor-bookmarks xmlns="http://www.netbeans.org/ns/editor-bookmarks/2" lastBookmarkId="0"/>
    <open-files xmlns="http://www.netbeans.org/ns/projectui-open-files/2">
        <group>
            <file>file:/C:/Users/riccardo.camillo.LAP.001/Desktop/LibreriaCSAL/src/entity/Libreria.java</file>
            <file>file:/C:/Users/riccardo.camillo.LAP.001/Desktop/LibreriaCSAL/src/it/utilityDB/LibreriaDAO.java</file>
            <file>file:/C:/Users/riccardo.camillo.LAP.001/Desktop/LibreriaCSAL/src/applicazione/GestioneLibrerie.java</file>
            <file>file:/C:/Users/riccardo.camillo.LAP.001/Desktop/LibreriaCSAL/src/it/utilityDB/OperazioniDB.java</file>
            <file>file:/C:/Users/riccardo.camillo.LAP.001/Desktop/LibreriaCSAL/src/entity/Libro.java</file>
        </group>
    </open-files>
</project-private>
